{
  "results": [
    {
      "command": "Bun with Bun API",
      "mean": 5.9502582336,
      "stddev": 0.12164097537866148,
      "median": 5.921589169000001,
      "user": 3.430551199999999,
      "system": 3.32252138,
      "min": 5.864758811000001,
      "max": 6.285388149,
      "times": [
        5.957343998000001,
        5.8755175070000005,
        5.942665613000001,
        5.889850909000001,
        5.928611098,
        5.901237968,
        5.91456724,
        5.942641043,
        5.864758811000001,
        6.285388149
      ],
      "exit_codes": [
        0,
        0,
        0,
        0,
        0,
        0,
        0,
        0,
        0,
        0
      ]
    },
    {
      "command": "Bun with Node API",
      "mean": 2.0240223237,
      "stddev": 0.03527610020445724,
      "median": 2.0319038349999996,
      "user": 1.2892677,
      "system": 0.77043838,
      "min": 1.975864387,
      "max": 2.068713006,
      "times": [
        2.044531598,
        2.034124898,
        2.06814002,
        1.9766903600000003,
        2.0008664709999997,
        2.0489550729999997,
        1.9926546520000001,
        1.975864387,
        2.0296827719999997,
        2.068713006
      ],
      "exit_codes": [
        0,
        0,
        0,
        0,
        0,
        0,
        0,
        0,
        0,
        0
      ]
    },
    {
      "command": "Node with Node API",
      "mean": 2.5615933735,
      "stddev": 0.037753293840097284,
      "median": 2.581632945,
      "user": 1.9448866999999996,
      "system": 0.7061878800000001,
      "min": 2.506182058,
      "max": 2.607166845,
      "times": [
        2.590243615,
        2.58502562,
        2.588867561,
        2.511458991,
        2.546156601,
        2.57824027,
        2.517195353,
        2.607166845,
        2.506182058,
        2.585396821
      ],
      "exit_codes": [
        0,
        0,
        0,
        0,
        0,
        0,
        0,
        0,
        0,
        0
      ]
    }
  ]
}
