{
  "results": [
    {
      "command": "Bun with Bun API",
      "mean": 2.2671864726599997,
      "stddev": 0.02584562252662924,
      "median": 2.25787250396,
      "user": 2.17345394,
      "system": 1.4044388,
      "min": 2.23297956946,
      "max": 2.30503148846,
      "times": [
        2.24715063446,
        2.25046141646,
        2.29305889346,
        2.3016872784599998,
        2.30503148846,
        2.26233099946,
        2.23297956946,
        2.28045828046,
        2.2452921574599998,
        2.25341400846
      ],
      "exit_codes": [
        0,
        0,
        0,
        0,
        0,
        0,
        0,
        0,
        0,
        0
      ]
    },
    {
      "command": "Bun with Node API",
      "mean": 2.57888649276,
      "stddev": 0.023491026050649615,
      "median": 2.5799703149599997,
      "user": 2.63530334,
      "system": 1.4353342000000002,
      "min": 2.52980498746,
      "max": 2.61780863546,
      "times": [
        2.5786073204599997,
        2.55662496146,
        2.57777141846,
        2.58133330946,
        2.59696355446,
        2.57539989846,
        2.59275075846,
        2.5818000834599997,
        2.61780863546,
        2.52980498746
      ],
      "exit_codes": [
        0,
        0,
        0,
        0,
        0,
        0,
        0,
        0,
        0,
        0
      ]
    },
    {
      "command": "Node with Node API",
      "mean": 13.27471116566,
      "stddev": 0.12035138598410554,
      "median": 13.25585172496,
      "user": 14.586634039999998,
      "system": 4.926579599999999,
      "min": 13.124649292460001,
      "max": 13.47130707246,
      "times": [
        13.27213709546,
        13.124649292460001,
        13.16612062346,
        13.24259048346,
        13.47130707246,
        13.422332581460001,
        13.193158802460001,
        13.26911296646,
        13.17617023446,
        13.40953250446
      ],
      "exit_codes": [
        0,
        0,
        0,
        0,
        0,
        0,
        0,
        0,
        0,
        0
      ]
    }
  ]
}
