{
  "results": [
    {
      "command": "cd /root/bun-vs-node/tests/package_install/nextjs && bun install",
      "mean": 0.34810843124,
      "stddev": 0.09198939495818623,
      "median": 0.30849496054000003,
      "user": 0.055116979999999996,
      "system": 0.28037406000000004,
      "min": 0.29247815754000006,
      "max": 0.6422226405400001,
      "times": [
        0.29247815754000006,
        0.29891099754000006,
        0.32888814154,
        0.30111713454000005,
        0.30921317554000005,
        0.30106004254,
        0.30272854754000006,
        0.30312312554000004,
        0.30707666954,
        0.30559410054,
        0.30777674554000006,
        0.30990981554,
        0.31328946354000003,
        0.40545468654000005,
        0.30427083554000006,
        0.48070644454000006,
        0.31178557954,
        0.6422226405400001,
        0.50945158154,
        0.32711073954000003
      ],
      "exit_codes": [
        0,
        0,
        0,
        0,
        0,
        0,
        0,
        0,
        0,
        0,
        0,
        0,
        0,
        0,
        0,
        0,
        0,
        0,
        0,
        0
      ]
    },
    {
      "command": "cd /root/bun-vs-node/tests/package_install/nextjs && npm install",
      "mean": 16.086624008690002,
      "stddev": 3.1309354218607965,
      "median": 15.352271033040001,
      "user": 16.67744483,
      "system": 3.8778063099999995,
      "min": 15.18244277854,
      "max": 29.36630831754,
      "times": [
        15.65133181154,
        15.467202373540001,
        15.38741654054,
        15.223023403540001,
        15.55031944754,
        15.72899581954,
        15.20626178654,
        15.18244277854,
        15.24986777054,
        15.22315589654,
        15.20258336154,
        15.41585705754,
        15.20965511754,
        15.66469142454,
        15.56024351254,
        15.25156510754,
        15.59864037654,
        15.31712552554,
        29.36630831754,
        15.27579274454
      ],
      "exit_codes": [
        0,
        0,
        0,
        0,
        0,
        0,
        0,
        0,
        0,
        0,
        0,
        0,
        0,
        0,
        0,
        0,
        0,
        0,
        0,
        0
      ]
    }
  ]
}
