{
  "results": [
    {
      "command": "cd /root/bun-vs-node/tests/package_install/nextjs && bun install",
      "mean": 0.31185839751000005,
      "stddev": 0.0685915941651341,
      "median": 0.28361167255999997,
      "user": 0.03888315,
      "system": 0.25168195,
      "min": 0.27028032006,
      "max": 0.49984270006,
      "times": [
        0.27028032006,
        0.27229030806,
        0.27551950906,
        0.27505077206,
        0.27545993106,
        0.27555318906,
        0.27949320806,
        0.28069044506,
        0.28026131406,
        0.27909556806,
        0.28653290006,
        0.48979262706000004,
        0.49984270006,
        0.31816585506,
        0.39966757906,
        0.29390805206000004,
        0.29967450106,
        0.29510416206,
        0.29682036606,
        0.29396464306000003
      ],
      "exit_codes": [
        0,
        0,
        0,
        0,
        0,
        0,
        0,
        0,
        0,
        0,
        0,
        0,
        0,
        0,
        0,
        0,
        0,
        0,
        0,
        0
      ]
    },
    {
      "command": "cd /root/bun-vs-node/tests/package_install/nextjs && npm install",
      "mean": 10.79835414456,
      "stddev": 0.10697260984725712,
      "median": 10.77374455906,
      "user": 11.50542255,
      "system": 3.5105312499999997,
      "min": 10.63772734506,
      "max": 11.05290316706,
      "times": [
        11.05290316706,
        10.74283793306,
        10.82867048406,
        10.734322156060001,
        10.87627627306,
        10.851971585060001,
        10.76016076606,
        10.71428776806,
        10.77154061206,
        10.69999477606,
        10.85157942606,
        10.87065942706,
        10.63772734506,
        10.90204692406,
        10.655914665060001,
        10.67654195806,
        10.975223746060001,
        10.74375507706,
        10.84472029606,
        10.77594850606
      ],
      "exit_codes": [
        0,
        0,
        0,
        0,
        0,
        0,
        0,
        0,
        0,
        0,
        0,
        0,
        0,
        0,
        0,
        0,
        0,
        0,
        0,
        0
      ]
    }
  ]
}
