{
  "results": [
    {
      "command": "Bun with Bun API",
      "mean": 3.655238265370001,
      "stddev": 0.11506961529863892,
      "median": 3.65073646018,
      "user": 2.3391547000000004,
      "system": 1.6064596199999999,
      "min": 3.4464589556800003,
      "max": 4.00414064868,
      "times": [
        3.69088050168,
        3.74619527168,
        3.77279148168,
        3.8512177906800003,
        3.7999110486800003,
        3.8040985696800003,
        3.97315143068,
        3.79491937468,
        3.7487308076800003,
        3.64599722868,
        3.64809540668,
        3.6896905326800002,
        3.69552788868,
        3.46596580668,
        3.8083631876800004,
        3.6332757726800002,
        3.7237241556800003,
        3.51899828868,
        3.60270778668,
        3.5056889476800004,
        3.65347515368,
        3.60431385368,
        3.7412175326800003,
        3.51901985368,
        3.59449835268,
        3.53517829868,
        3.6190414846800003,
        3.58678501068,
        3.71919320668,
        3.58320242968,
        3.5658064346800002,
        3.5127945936800002,
        3.5255595156800004,
        3.57581509268,
        3.59859554268,
        3.50145156668,
        3.4464589556800003,
        3.5263563386800003,
        3.47999427868,
        3.50954763768,
        3.50069291968,
        3.66021334368,
        3.66392039168,
        3.83392844668,
        3.69719699068,
        3.5791468336800003,
        3.51620628768,
        3.4917105576800003,
        3.51418380268,
        3.53760651868,
        3.5336851086800003,
        3.79167363068,
        3.6448038076800002,
        3.5722705886800004,
        3.61177630368,
        3.56480633468,
        3.55911665168,
        3.67304774268,
        3.6209516076800004,
        3.68818646068,
        3.52150881368,
        3.51842104968,
        3.56683962668,
        3.6425995706800003,
        3.56697866568,
        3.4626992536800003,
        3.5212145026800004,
        3.6314188196800004,
        3.6529612836800003,
        3.65135877868,
        4.00414064868,
        3.76697110968,
        3.62929942068,
        3.80577166068,
        3.75301318268,
        3.82926359668,
        3.80253539568,
        3.78548071168,
        3.7754930586800004,
        3.79021681268,
        3.66169539868,
        3.71827807768,
        3.67543994168,
        3.75790820368,
        3.7143970046800003,
        3.68449682068,
        3.67684420968,
        3.58462670168,
        3.84631237968,
        3.7243865936800002,
        3.73830793568,
        3.65011414168,
        3.75816649868,
        3.83105412868,
        3.7437263556800002,
        3.65541509068,
        3.67889085468,
        3.63271280868,
        3.7297492826800003,
        3.60975740268
      ],
      "exit_codes": [
        0,
        0,
        0,
        0,
        0,
        0,
        0,
        0,
        0,
        0,
        0,
        0,
        0,
        0,
        0,
        0,
        0,
        0,
        0,
        0,
        0,
        0,
        0,
        0,
        0,
        0,
        0,
        0,
        0,
        0,
        0,
        0,
        0,
        0,
        0,
        0,
        0,
        0,
        0,
        0,
        0,
        0,
        0,
        0,
        0,
        0,
        0,
        0,
        0,
        0,
        0,
        0,
        0,
        0,
        0,
        0,
        0,
        0,
        0,
        0,
        0,
        0,
        0,
        0,
        0,
        0,
        0,
        0,
        0,
        0,
        0,
        0,
        0,
        0,
        0,
        0,
        0,
        0,
        0,
        0,
        0,
        0,
        0,
        0,
        0,
        0,
        0,
        0,
        0,
        0,
        0,
        0,
        0,
        0,
        0,
        0,
        0,
        0,
        0,
        0
      ]
    }
  ]
}
