{
  "results": [
    {
      "command": "Bun with Bun API",
      "mean": 3.641824421690001,
      "stddev": 0.10920112512463966,
      "median": 3.62305017126,
      "user": 2.3319864100000003,
      "system": 1.6012119600000003,
      "min": 3.46051844526,
      "max": 3.91201875526,
      "times": [
        3.74011302526,
        3.69075870826,
        3.50678001226,
        3.55142512926,
        3.55975708726,
        3.48340386026,
        3.60783762926,
        3.56887949026,
        3.54957775126,
        3.50587042326,
        3.49777877026,
        3.57891862826,
        3.6392835702600004,
        3.62501914426,
        3.60804717626,
        3.55514725026,
        3.61146258026,
        3.79017650326,
        3.50220772626,
        3.56903135026,
        3.55026534226,
        3.63506044126,
        3.51525501726,
        3.46051844526,
        3.4864844872600003,
        3.7018970702600003,
        3.49336277026,
        3.88701952426,
        3.5335281692600002,
        3.62667685326,
        3.55600075326,
        3.65850621526,
        3.56938739426,
        3.50427215426,
        3.9011564502600002,
        3.5779109412600003,
        3.6751246812600002,
        3.6119454812600003,
        3.50294155126,
        3.5214597582600002,
        3.51781540726,
        3.6137063142600003,
        3.55973855726,
        3.57150748326,
        3.52620683926,
        3.61296731326,
        3.77686623726,
        3.52649873626,
        3.47381361926,
        3.62680607626,
        3.62649967726,
        3.56240801826,
        3.66828308026,
        3.6200294032600002,
        3.60437324826,
        3.81974182826,
        3.83677201826,
        3.79493583626,
        3.85025626126,
        3.6207807022600003,
        3.7518895262600003,
        3.91201875526,
        3.71465689526,
        3.72383465426,
        3.7490187022600003,
        3.73446868226,
        3.75484836626,
        3.80242157626,
        3.57290776526,
        3.67191142926,
        3.6415164892600003,
        3.77008033526,
        3.62108119826,
        3.65686270626,
        3.64012575926,
        3.72094936126,
        3.65233265526,
        3.77237402426,
        3.89253921426,
        3.61100424926,
        3.7577474572600003,
        3.79927343326,
        3.74481186226,
        3.79556777526,
        3.68704465326,
        3.61079644626,
        3.55486292926,
        3.63338635926,
        3.65019634826,
        3.57962046926,
        3.57241223826,
        3.55832315426,
        3.5296084472600002,
        3.6357449332600003,
        3.73116334426,
        3.62774630426,
        3.83177902526,
        3.7161522002600003,
        3.60693933626,
        3.6721671322600002
      ],
      "exit_codes": [
        0,
        0,
        0,
        0,
        0,
        0,
        0,
        0,
        0,
        0,
        0,
        0,
        0,
        0,
        0,
        0,
        0,
        0,
        0,
        0,
        0,
        0,
        0,
        0,
        0,
        0,
        0,
        0,
        0,
        0,
        0,
        0,
        0,
        0,
        0,
        0,
        0,
        0,
        0,
        0,
        0,
        0,
        0,
        0,
        0,
        0,
        0,
        0,
        0,
        0,
        0,
        0,
        0,
        0,
        0,
        0,
        0,
        0,
        0,
        0,
        0,
        0,
        0,
        0,
        0,
        0,
        0,
        0,
        0,
        0,
        0,
        0,
        0,
        0,
        0,
        0,
        0,
        0,
        0,
        0,
        0,
        0,
        0,
        0,
        0,
        0,
        0,
        0,
        0,
        0,
        0,
        0,
        0,
        0,
        0,
        0,
        0,
        0,
        0,
        0
      ]
    },
    {
      "command": "Bun with Node API",
      "mean": 19.151263848750013,
      "stddev": 0.5659946350265656,
      "median": 19.06947240476,
      "user": 17.42377218,
      "system": 4.61881702,
      "min": 18.47829900726,
      "max": 23.61225749726,
      "times": [
        18.670357518259998,
        19.561751232259997,
        19.679121698259998,
        18.79403500726,
        19.13384381326,
        19.18209976426,
        19.391252356259997,
        19.69335866026,
        19.244684558259998,
        19.31187497326,
        18.92048579826,
        19.002179057259998,
        19.012892834259997,
        19.30006866126,
        19.08361632826,
        19.08650232426,
        18.862393236259997,
        19.20684146626,
        19.115213752259997,
        19.30762328526,
        19.118086960259998,
        18.73432894226,
        18.735367418259997,
        18.869569998259998,
        19.08176851826,
        18.86745956726,
        18.75165605126,
        19.41425448326,
        19.38348495826,
        18.58710454126,
        19.212970948259997,
        18.93437458126,
        18.77573066326,
        19.05123553526,
        19.156421743259997,
        18.88247395526,
        19.00289592326,
        19.231883287259997,
        18.980913801259998,
        18.934254821259998,
        19.236290929259997,
        19.32202406926,
        18.86214937226,
        19.090455603259997,
        18.99394711226,
        18.92714364526,
        19.16631230026,
        18.72112076526,
        19.074592301259997,
        19.057180086259997,
        18.888235916259998,
        18.91952453726,
        19.01476548526,
        19.14960199826,
        18.834182874259998,
        18.92315985426,
        18.94221460626,
        18.864177192259998,
        19.27911715526,
        19.07281434326,
        19.639623197259997,
        19.511006910259997,
        19.46679709826,
        18.76017115026,
        19.11165554526,
        18.73910064326,
        19.12131335726,
        19.08394286226,
        19.07065137226,
        19.287737640259998,
        19.031188670259997,
        18.99068343026,
        19.335509740259997,
        19.97297658426,
        23.61225749726,
        20.417415746259998,
        19.36186409326,
        19.049866742259997,
        19.032858631259998,
        18.80365808526,
        18.72377527126,
        20.06267108326,
        20.45056134126,
        19.79425124926,
        18.92749904126,
        18.68569273926,
        19.04240098926,
        18.565268561259998,
        19.05729878026,
        19.01483908426,
        18.996496499259997,
        19.147676709259997,
        19.09235797426,
        18.85397609726,
        18.58777306126,
        18.47829900726,
        19.10803531426,
        19.15294068926,
        19.31055577726,
        19.06829343726
      ],
      "exit_codes": [
        0,
        0,
        0,
        0,
        0,
        0,
        0,
        0,
        0,
        0,
        0,
        0,
        0,
        0,
        0,
        0,
        0,
        0,
        0,
        0,
        0,
        0,
        0,
        0,
        0,
        0,
        0,
        0,
        0,
        0,
        0,
        0,
        0,
        0,
        0,
        0,
        0,
        0,
        0,
        0,
        0,
        0,
        0,
        0,
        0,
        0,
        0,
        0,
        0,
        0,
        0,
        0,
        0,
        0,
        0,
        0,
        0,
        0,
        0,
        0,
        0,
        0,
        0,
        0,
        0,
        0,
        0,
        0,
        0,
        0,
        0,
        0,
        0,
        0,
        0,
        0,
        0,
        0,
        0,
        0,
        0,
        0,
        0,
        0,
        0,
        0,
        0,
        0,
        0,
        0,
        0,
        0,
        0,
        0,
        0,
        0,
        0,
        0,
        0,
        0
      ]
    },
    {
      "command": "Node with Node API",
      "mean": 10.244586524510003,
      "stddev": 0.3865782827564098,
      "median": 10.15564695526,
      "user": 10.138019439999999,