{
  "results": [
    {
      "command": "Bun with Bun API",
      "mean": 18.01517247734,
      "stddev": 0.5743892282518653,
      "median": 17.950544450959995,
      "user": 20.336934559999996,
      "system": 2.5070905099999994,
      "min": 17.344040054959997,
      "max": 22.78562563996,
      "times": [
        18.295387163959997,
        18.625752026959997,
        18.286826212959998,
        18.026435241959998,
        17.96599723196,
        18.144085088959997,
        17.69629005296,
        17.985621504959997,
        17.95780695696,
        18.00796394396,
        18.176286636959997,
        17.945917760959997,
        18.17005489596,
        17.91469865796,
        17.81379383796,
        17.86276070696,
        17.91714283396,
        17.811775380959997,
        17.718464729959997,
        17.87762540196,
        17.83543635596,
        18.06056953296,
        17.49501871096,
        18.000276484959997,
        17.68667657596,
        17.776380751959998,
        17.900646417959997,
        18.49197778796,
        17.639890639959997,
        18.06814214196,
        18.12112307496,
        18.150951970959998,
        17.71606953396,
        17.841441526959997,
        17.49226941696,
        17.64978934296,
        17.53838895996,
        17.69834894896,
        17.67317598396,
        17.75453536496,
        18.02439693496,
        18.316456975959998,
        17.56415108196,
        18.292784678959997,
        17.903873096959998,
        18.09528953996,
        18.105291120959997,
        17.849994334959998,
        17.68533117896,
        18.148290496959998,
        18.249440098959997,
        17.60738692296,
        17.400358262959998,
        17.721697924959997,
        17.79844072596,
        18.136437379959997,
        17.689183134959997,
        17.818288709959997,
        17.55533279796,
        17.460985552959997,
        17.987314464959997,
        18.097740198959997,
        17.60536659696,
        17.85165750996,
        17.77261792296,
        17.344040054959997,
        17.88509796496,
        17.65939919296,
        17.62003449296,
        17.68483757496,
        17.955171140959997,
        17.913307839959998,
        18.107820860959997,
        17.78035064996,
        18.11182941196,
        18.228382227959997,
        18.12258347796,
        18.41654482196,
        17.86554811396,
        17.96900204796,
        17.97449103196,
        18.466226971959998,
        22.78562563996,
        18.795554098959997,
        18.37656559196,
        17.614563136959998,
        18.168264512959997,
        18.159240441959998,
        17.636235368959998,
        17.83107535096,
        18.90685259696,
        18.456570871959997,
        18.71383327696,
        18.30056367296,
        17.95804788596,
        18.724999444959998,
        17.76329619596,
        18.19150817996,
        18.118498243959998,
        18.381381902959998
      ],
      "exit_codes": [
        0,
        0,
        0,
        0,
        0,
        0,
        0,
        0,
        0,
        0,
        0,
        0,
        0,
        0,
        0,
        0,
        0,
        0,
        0,
        0,
        0,
        0,
        0,
        0,
        0,
        0,
        0,
        0,
        0,
        0,
        0,
        0,
        0,
        0,
        0,
        0,
        0,
        0,
        0,
        0,
        0,
        0,
        0,
        0,
        0,
        0,
        0,
        0,
        0,
        0,
        0,
        0,
        0,
        0,
        0,
        0,
        0,
        0,
        0,
        0,
        0,
        0,
        0,
        0,
        0,
        0,
        0,
        0,
        0,
        0,
        0,
        0,
        0,
        0,
        0,
        0,
        0,
        0,
        0,
        0,
        0,
        0,
        0,
        0,
        0,
        0,
        0,
        0,
        0,
        0,
        0,
        0,
        0,
        0,
        0,
        0,
        0,
        0,
        0,
        0
      ]
    }
  ]
}
