{
  "results": [
    {
      "command": "Bun with Bun API",
      "mean": 18.254497219379992,
      "stddev": 0.305339481556843,
      "median": 18.27348326576,
      "user": 20.575552039999998,
      "system": 2.5567219899999993,
      "min": 17.553035854759997,
      "max": 18.91309442076,
      "times": [
        18.68448508476,
        18.01965442576,
        17.87953445676,
        18.418346572759997,
        17.746632982759998,
        17.564822012759997,
        17.69111971176,
        17.89204624076,
        18.06156974376,
        17.72285316176,
        17.64861820776,
        17.73180068376,
        17.746822419759997,
        17.553035854759997,
        18.23244127176,
        17.80716930476,
        17.813861673759998,
        18.470064986759997,
        18.40644570476,
        18.26479735076,
        17.97033827076,
        18.329804616759997,
        18.171423479759998,
        17.81428281276,
        18.13057095776,
        18.41540199876,
        18.305887106759997,
        18.83402339376,
        18.57085611776,
        18.821181487759997,
        18.727960793759998,
        18.44816156076,
        18.36482500276,
        18.33172229776,
        18.62323917776,
        18.08473608976,
        18.28330058076,
        18.507493444759998,
        18.304970692759998,
        18.094931374759998,
        18.79776075076,
        18.45180799876,
        18.38581179476,
        18.573169271759998,
        17.91121766476,
        18.014214111759998,
        17.85498139676,
        18.230946057759997,
        18.093881739759997,
        17.82324881776,
        18.200145327759998,
        18.218057668759997,
        18.198574555759997,
        18.23674127276,
        18.155232980759997,
        18.28871576876,
        18.146438437759997,
        18.367692070759997,
        18.408265827759998,
        18.04312408776,
        18.377620177759997,
        18.45889029876,
        18.355582630759997,
        18.253014356759998,
        18.26674567676,
        18.13252020176,
        18.73215135176,
        18.651854575759998,
        18.49583547476,
        18.176570640759998,
        18.443574687759998,
        18.271904314759997,
        17.96466871376,
        18.372348838759997,
        18.36121068876,
        18.91309442076,
        18.708920960759997,
        18.058288037759997,
        18.38643830976,
        17.96522982876,
        18.250990501759997,
        18.179231983759998,
        18.125778609759998,
        18.64318904276,
        18.370288242759997,
        18.081159565759997,
        18.636005952759998,
        18.44209553076,
        18.43857459176,
        18.748774609759998,
        18.13983380376,
        18.31073325376,
        18.27506221676,
        18.348723526759997,
        18.34356333476,
        17.934567807759997,
        18.39518105576,
        18.57231289176,
        18.14943121376,
        18.82649930076
      ],
      "exit_codes": [
        0,
        0,
        0,
        0,
        0,
        0,
        0,
        0,
        0,
        0,
        0,
        0,
        0,
        0,
        0,
        0,
        0,
        0,
        0,
        0,
        0,
        0,
        0,
        0,
        0,
        0,
        0,
        0,
        0,
        0,
        0,
        0,
        0,
        0,
        0,
        0,
        0,
        0,
        0,
        0,
        0,
        0,
        0,
        0,
        0,
        0,
        0,
        0,
        0,
        0,
        0,
        0,
        0,
        0,
        0,
        0,
        0,
        0,
        0,
        0,
        0,
        0,
        0,
        0,
        0,
        0,
        0,
        0,
        0,
        0,
        0,
        0,
        0,
        0,
        0,
        0,
        0,
        0,
        0,
        0,
        0,
        0,
        0,
        0,
        0,
        0,
        0,
        0,
        0,
        0,
        0,
        0,
        0,
        0,
        0,
        0,
        0,
        0,
        0,
        0
      ]
    },
    {
      "command": "Bun with Node API",
      "mean": 31.023440325109995,
      "stddev": 0.8514009651753704,
      "median": 30.94427971276,
      "user": 28.436189119999984,
      "system": 4.26537113,
      "min": 29.707614867759997,
      "max": 36.36238722976,
      "times": [
        31.82691199376,
        36.36238722976,
        31.796640748759998,
        31.48570551676,
        29.707614867759997,
        30.32224310576,
        31.48789865776,
        31.054020047759998,
        30.108811543759998,
        31.167630026759998,
        30.317498045759997,
        31.15246907976,
        31.400119527759998,
        30.261276618759997,
        31.105214056759998,
        31.510537151759998,
        30.614803154759997,
        30.79081432376,
        31.19643888276,
        31.31820452276,
        30.706978242759998,
        30.96576543976,
        30.305434763759997,
        30.875240717759997,
        30.42150172276,
        30.185947880759997,
        31.20113481776,
        30.56739789276,
        34.22142629676,
        32.12505416076,
        30.956247846759997,
        30.70248100176,
        31.511812790759997,
        30.94263928776,
        31.882688244759997,
        30.48665052976,
        31.211088045759997,
        31.453340439759998,
        30.500086368759998,
        31.29247069176,
        30.713057705759997,
        30.978317519759997,
        30.620715134759998,
        30.57324597676,
        30.685012692759997,
        30.892715891759998,
        31.58785476576,
        30.93083544976,
        31.60120336676,
        30.416199751759997,
        31.280625738759998,
        30.59993697876,
        30.346183147759998,
        30.73665022576,
        30.934170542759997,
        30.858728145759997,
        30.96105316176,
        30.51755948276,
        30.96819487576,
        30.96561426676,
        31.12489057276,
        30.75703221076,
        30.49842030076,
        30.375106833759997,
        33.26911267276,
        31.913401564759997,
        32.088095750760004,
        30.945920137759998,
        31.37915868376,
        32.05543260276,
        31.12741925176,
        30.97396146076,
        30.305268386759998,
        30.460671464759997,
        30.136797757759997,
        29.92539037676,
        30.64940522976,
        31.415469155759997,
        29.955556630759997,
        31.189401487759998,
        30.37452179176,
        30.275491930759998,
        30.17268596176,
        31.198404526759997,
        30.75752509876,
        31.65164698476,
        30.705299310759997,
        31.015536349759998,
        30.82143193576,
        31.05739219476,
        31.14344438076,
        31.98066063476,
        31.064316159759997,
        31.566740106759998,
        30.82138813576,
        30.69010019676,
        30.211041465759997,
        30.40339086376,
        30.228667725759998,
        30.987933113759997
      ],