{
  "results": [
    {
      "command": "cd /root/bun-vs-node/tests/package_install/expo-react-native && bun install",
      "mean": 0.9291484719299999,
      "stddev": 0.20278606182974,
      "median": 0.8597198797800001,
      "user": 0.08232613,
      "system": 0.54396637,
      "min": 0.7445928712800001,
      "max": 1.42915317828,
      "times": [
        0.7445928712800001,
        0.7727512282800001,
        0.7673414162800001,
        0.76304586628,
        1.42915317828,
        0.9356419652800001,
        0.75314133628,
        1.29841256628,
        1.22826613428,
        1.1582661732800001,
        0.82911646528,
        0.96254476328,
        0.8277041182800001,
        0.8563912702800001,
        0.9960504932800001,
        0.8744711422800001,
        0.7511745642800001,
        0.8630484892800001,
        0.75226830028,
        1.01958709628
      ],
      "exit_codes": [
        0,
        0,
        0,
        0,
        0,
        0,
        0,
        0,
        0,
        0,
        0,
        0,
        0,
        0,
        0,
        0,
        0,
        0,
        0,
        0
      ]
    },
    {
      "command": "cd /root/bun-vs-node/tests/package_install/expo-react-native && npm install",
      "mean": 18.429077775729997,
      "stddev": 1.2580852123915742,
      "median": 18.02220371828,
      "user": 19.860537630000003,
      "system": 6.139484469999998,
      "min": 17.41255545828,
      "max": 22.66696175128,
      "times": [
        18.02884291528,
        17.66622415128,
        17.41255545828,
        18.24135336628,
        17.71912032928,
        19.32504648128,
        18.01556452128,
        17.65732814528,
        17.81532182528,
        18.66257739028,
        18.33515183228,
        17.90274239728,
        18.09311108328,
        17.92519341528,
        18.20658478228,
        20.96153566328,
        18.19591520828,
        17.79018277928,
        22.66696175128,
        17.96024201828
      ],
      "exit_codes": [
        0,
        0,
        0,
        0,
        0,
        0,
        0,
        0,
        0,
        0,
        0,
        0,
        0,
        0,
        0,
        0,
        0,
        0,
        0,
        0
      ]
    }
  ]
}
