{
  "results": [
    {
      "command": "cd /root/bun-vs-node/tests/package_install/expo-react-native && bun install",
      "mean": 1.0099464488899998,
      "stddev": 0.3631808000738043,
      "median": 0.83692188704,
      "user": 0.09766356,
      "system": 0.5832399299999999,
      "min": 0.79045598804,
      "max": 1.9844476960400002,
      "times": [
        0.79045598804,
        0.83198702204,
        0.83217187004,
        0.80144200404,
        0.82193094304,
        0.79163316004,
        0.84136086204,
        0.79130647304,
        1.88351623404,
        1.5384296610400001,
        1.9844476960400002,
        0.93077054004,
        0.83248291204,
        0.80041296104,
        0.91134017404,
        0.80329802904,
        1.02703733804,
        0.86347040804,
        0.92129038704,
        1.2001443150400002
      ],
      "exit_codes": [
        0,
        0,
        0,
        0,
        0,
        0,
        0,
        0,
        0,
        0,
        0,
        0,
        0,
        0,
        0,
        0,
        0,
        0,
        0,
        0
      ]
    },
    {
      "command": "cd /root/bun-vs-node/tests/package_install/expo-react-native && npm install",
      "mean": 36.39250551654,
      "stddev": 13.68975808693162,
      "median": 31.651506882539998,
      "user": 37.32055991,
      "system": 7.64697878,
      "min": 31.09733095104,
      "max": 78.61980333204,
      "times": [
        31.95691819804,
        31.25503528804,
        31.60759185504,
        34.27829581004,
        31.22274974804,
        31.56554109604,
        78.61980333204,
        35.47650442004,
        31.234037012039998,
        31.86291198104,
        31.12973559804,
        32.53533744704,
        31.27539625504,
        32.38059729004,
        73.83972219703999,
        31.69542191004,
        31.35071089204,
        31.48574271604,
        31.09733095104,
        31.98072633404
      ],
      "exit_codes": [
        0,
        0,
        0,
        0,
        0,
        0,
        0,
        0,
        0,
        0,
        0,
        0,
        0,
        0,
        0,
        0,
        0,
        0,
        0,
        0
      ]
    }
  ]
}
