{
  "results": [
    {
      "command": "Bun with Bun API",
      "mean": 5.654516735580001,
      "stddev": 0.16654188559246097,
      "median": 5.694735869880001,
      "user": 5.015911760000001,
      "system": 0.7327222800000001,
      "min": 5.3732976398800005,
      "max": 5.949309464880001,
      "times": [
        5.677010542880001,
        5.7124611968800005,
        5.72259889588,
        5.949309464880001,
        5.78853326088,
        5.51993851788,
        5.6122414998800005,
        5.3732976398800005,
        5.47206696088,
        5.71770937588
      ],
      "exit_codes": [
        0,
        0,
        0,
        0,
        0,
        0,
        0,
        0,
        0,
        0
      ]
    },
    {
      "command": "Bun with Node API",
      "mean": 7.7929610811800005,
      "stddev": 1.2603031288335902,
      "median": 7.374893777880001,
      "user": 5.5651398599999995,
      "system": 1.0276648800000001,
      "min": 6.61905029688,
      "max": 10.25948319988,
      "times": [
        10.25948319988,
        7.71021658188,
        7.686278290880001,
        6.61905029688,
        7.20076671288,
        7.512681149880001,
        7.02600904188,
        7.2371064058800005,
        6.77496492588,
        9.90305420588
      ],
      "exit_codes": [
        0,
        0,
        0,
        0,
        0,
        0,
        0,
        0,
        0,
        0
      ]
    },
    {
      "command": "Node with Node API",
      "mean": 12.913299504280001,
      "stddev": 1.4449905904190232,
      "median": 12.714050455879999,
      "user": 10.23978296,
      "system": 0.8919989799999998,
      "min": 11.25609795288,
      "max": 16.19410274288,
      "times": [
        12.87439422788,
        11.93748730788,
        11.25609795288,
        12.86485432388,
        13.38789099388,
        16.19410274288,
        14.251622531879999,
        12.16638301988,
        12.56324658788,
        11.63691535388
      ],
      "exit_codes": [
        0,
        0,
        0,
        0,
        0,
        0,
        0,
        0,
        0,
        0
      ]
    }
  ]
}
