{
  "results": [
    {
      "command": "Bun with Bun API",
      "mean": 8.853757287580002,
      "stddev": 0.016583653114961953,
      "median": 8.854425946980001,
      "user": 7.827613599999998,
      "system": 1.01525912,
      "min": 8.834500832980002,
      "max": 8.87869596498,
      "times": [
        8.87869596498,
        8.86210630098,
        8.834500832980002,
        8.867702756980002,
        8.87070338898,
        8.83966854598,
        8.863911595980001,
        8.846745592980001,
        8.835527387980001,
        8.838010507980002
      ],
      "exit_codes": [
        0,
        0,
        0,
        0,
        0,
        0,
        0,
        0,
        0,
        0
      ]
    },
    {
      "command": "Bun with Node API",
      "mean": 8.70635449398,
      "stddev": 0.02922001091088949,
      "median": 8.70130312298,
      "user": 7.943699799999999,
      "system": 0.7851189199999999,
      "min": 8.661734859980001,
      "max": 8.768604015980001,
      "times": [
        8.700310878980002,
        8.68975921898,
        8.768604015980001,
        8.69230473398,
        8.702444142980001,
        8.661734859980001,
        8.70736982698,
        8.702295366980001,
        8.74101629898,
        8.69770559598
      ],
      "exit_codes": [
        0,
        0,
        0,
        0,
        0,
        0,
        0,
        0,
        0,
        0
      ]
    },
    {
      "command": "Node with Node API",
      "mean": 10.478397173780001,
      "stddev": 0.04037050542045279,
      "median": 10.475533557480002,
      "user": 9.7895253,
      "system": 0.8025605200000001,
      "min": 10.41329243698,
      "max": 10.56334777798,
      "times": [
        10.463913195980002,
        10.41329243698,
        10.468286367980001,
        10.475542462980002,
        10.436693337980001,
        10.47552465198,
        10.50692896998,
        10.495293790980002,
        10.485148744980002,
        10.56334777798
      ],
      "exit_codes": [
        0,
        0,
        0,
        0,
        0,
        0,
        0,
        0,
        0,
        0
      ]
    }
  ]
}
