{
  "results": [
    {
      "command": "bun /root/bun-vs-node/tests/basic/large_array.js",
      "mean": 0.05054621717517242,
      "stddev": 0.012253475609192554,
      "median": 0.047021812520000004,
      "user": 0.03602967172413793,
      "system": 0.026148829655172415,
      "min": 0.04470743252,
      "max": 0.10102976452000001,
      "times": [
        0.10102976452000001,
        0.08304353252,
        0.06532805252000001,
        0.04745207052,
        0.04746700552,
        0.047380742520000005,
        0.047021812520000004,
        0.04693906152,
        0.04470743252,
        0.046524132520000004,
        0.04613769652,
        0.04713268652,
        0.04750825252,
        0.04803800752,
        0.04688496452,
        0.04708342652,
        0.047506627520000004,
        0.046140350520000005,
        0.046306838520000004,
        0.04580079452,
        0.04577569152,
        0.04647748852,
        0.04668302752,
        0.04636447652,
        0.04617454152,
        0.047274912520000004,
        0.04758305452,
        0.04725848352,
        0.046815369520000004
      ],
      "exit_codes": [
        0,
        0,
        0,
        0,
        0,
        0,
        0,
        0,
        0,
        0,
        0,
        0,
        0,
        0,
        0,
        0,
        0,
        0,
        0,
        0,
        0,
        0,
        0,
        0,
        0,
        0,
        0,
        0,
        0
      ]
    },
    {
      "command": "node /root/bun-vs-node/tests/basic/large_array.js",
      "mean": 0.0737792701790909,
      "stddev": 0.007324490093776485,
      "median": 0.07225531152,
      "user": 0.05132630181818181,
      "system": 0.023019185454545454,
      "min": 0.06627982552000002,
      "max": 0.10191205552000002,
      "times": [
        0.06627982552000002,
        0.07175814852000001,
        0.06983280052000002,
        0.07364332552000001,
        0.07054714752,
        0.07046142952000001,
        0.06898878452000001,
        0.07348323352000001,
        0.07400215652000001,
        0.10191205552000002,
        0.07617986352000002,
        0.07061444452000001,
        0.06817351152000001,
        0.07349847052000001,
        0.06780658652,
        0.07618496252000001,
        0.07350399952000002,
        0.08515723652000001,
        0.06987567052000002,
        0.07514926952,
        0.06638641852,
        0.06728259752000001,
        0.07059279252000002,
        0.07573440352000001,
        0.07982810752000001,
        0.07418881352000001,
        0.07193778352,
        0.06887832652,
        0.06838993652000001,
        0.07257283952000002,
        0.07498151652000001,
        0.07972641152000001,
        0.07126536152000001,
        0.07150023752000001,
        0.07805628052000001,
        0.07500487452000001,
        0.07129224952,
        0.07811834052000001,
        0.10088643652000001,
        0.07432921352,
        0.07577872052000001,
        0.06662767852000001,
        0.06904154052000001,
        0.06683408452
      ],
      "exit_codes": [
        0,
        0,
        0,
        0,
        0,
        0,
        0,
        0,
        0,
        0,
        0,
        0,
        0,
        0,
        0,
        0,
        0,
        0,
        0,
        0,
        0,
        0,
        0,
        0,
        0,
        0,
        0,
        0,
        0,
        0,
        0,
        0,
        0,
        0,
        0,
        0,
        0,
        0,
        0,
        0,
        0,
        0,
        0,
        0
      ]
    }
  ]
}
