{
  "results": [
    {
      "command": "bun /root/bun-vs-node/tests/basic/large_array.js",
      "mean": 0.04605287399757575,
      "stddev": 0.004593211865978613,
      "median": 0.04481835524000001,
      "user": 0.03652626666666667,
      "system": 0.02423780606060605,
      "min": 0.042439050740000005,
      "max": 0.06338271874000001,
      "times": [
        0.04433568174000001,
        0.04345444174000001,
        0.04428438874000001,
        0.043937694740000005,
        0.044522898740000004,
        0.04526949074000001,
        0.045236342740000005,
        0.04401953974000001,
        0.045081708740000004,
        0.04449561174,
        0.044089047740000005,
        0.043887338740000004,
        0.044964431740000005,
        0.047270529740000004,
        0.04775121174000001,
        0.046197873740000006,
        0.04476901474000001,
        0.044442715740000006,
        0.04527308774,
        0.04566323674000001,
        0.04481009474000001,
        0.045156267740000006,
        0.045525836740000006,
        0.045913799740000004,
        0.04516050374,
        0.045560378740000004,
        0.044898278740000006,
        0.045140002740000004,
        0.045156283740000004,
        0.04673859474000001,
        0.04495766374000001,
        0.044826615740000006,
        0.04565657874000001,
        0.044192057740000006,
        0.045276735740000004,
        0.04479192574000001,
        0.044409578740000004,
        0.04359869974,
        0.04383277674,
        0.04310278874000001,
        0.04317523174000001,
        0.04356531474000001,
        0.04339843074000001,
        0.05711888374000001,
        0.04411309974000001,
        0.042439050740000005,
        0.061520195740000005,
        0.06338271874000001,
        0.06236003874000001,
        0.061693391740000006,
        0.049356548740000006,
        0.04670811574000001,
        0.04474341674000001,
        0.04710787474000001,
        0.046417241740000004,
        0.04600032174,
        0.044589615740000005,
        0.043440355740000006,
        0.043192265740000006,
        0.046692605740000004,
        0.04266169974,
        0.04350970374,
        0.044721420740000004,
        0.04400451174000001,
        0.04297773474,
        0.04294814374000001
      ],
      "exit_codes": [
        0,
        0,
        0,
        0,
        0,
        0,
        0,
        0,
        0,
        0,
        0,
        0,
        0,
        0,
        0,
        0,
        0,
        0,
        0,
        0,
        0,
        0,
        0,
        0,
        0,
        0,
        0,
        0,
        0,
        0,
        0,
        0,
        0,
        0,
        0,
        0,
        0,
        0,
        0,
        0,
        0,
        0,
        0,
        0,
        0,
        0,
        0,
        0,
        0,
        0,
        0,
        0,
        0,
        0,
        0,
        0,
        0,
        0,
        0,
        0,
        0,
        0,
        0,
        0,
        0,
        0
      ]
    },
    {
      "command": "node /root/bun-vs-node/tests/basic/large_array.js",
      "mean": 0.06289027754851066,
      "stddev": 0.0009572977030544989,
      "median": 0.06285018074000001,
      "user": 0.04387982340425531,
      "system": 0.019781402127659574,
      "min": 0.06107915274,
      "max": 0.06645989274000001,
      "times": [
        0.06269087174,
        0.06645989274000001,
        0.06279106674000001,
        0.06309032174000001,
        0.06276576574,
        0.06351372674000001,
        0.06281678974,
        0.06107915274,
        0.062231572740000005,
        0.06284512674,
        0.061468308740000005,
        0.06318061574,
        0.06309916274,
        0.06264635974,
        0.06279217474000001,
        0.06416793274,
        0.06300570674,
        0.06209967774000001,
        0.06392200474000001,
        0.06372367774000001,
        0.06391791674000001,
        0.06427615274000001,
        0.06248976174000001,
        0.06318703674000001,
        0.06236225674000001,
        0.06293739274,
        0.06362445274,
        0.06352088174000001,
        0.06385292774000001,
        0.06300865274,
        0.06192949074000001,
        0.06296243474,
        0.06184067974,
        0.06243626574000001,
        0.06390316074,
        0.06309869174,
        0.06133814974000001,
        0.06329242874,
        0.06161655474000001,
        0.061115191740000005,
        0.06234593374000001,
        0.06205522174000001,
        0.06285018074000001,
        0.06183016674000001,
        0.06283352774,
        0.06376403874,
        0.06306358574000001
      ],
      "exit_codes": [
        0,
        0,
        0,
        0,
        0,
        0,
        0,
        0,
        0,
        0,
        0,
        0,
        0,
        0,
        0,
        0,
        0,
        0,
        0,
        0,
        0,
        0,
        0,
        0,
        0,
        0,
        0,
        0,
        0,
        0,
        0,
        0,
        0,
        0,
        0,
        0,
        0,
        0,
        0,
        0,
        0,
        0,
        0,
        0,
        0,
        0,
        0
      ]
    }
  ]
}
