{
  "results": [
    {
      "command": "Bun with Bun API",
      "mean": 5.006807905780001,
      "stddev": 0.9620723229912999,
      "median": 4.88022685238,
      "user": 1.7796806999999997,
      "system": 1.33068654,
      "min": 3.3826675973800002,
      "max": 6.45954524338,
      "times": [
        3.3826675973800002,
        6.45954524338,
        6.00448191238,
        5.26511938238,
        4.30240482538,
        4.44255932438,
        4.37377483038,
        5.1323085203800005,
        6.07707223738,
        4.62814518438
      ],
      "exit_codes": [
        0,
        0,
        0,
        0,
        0,
        0,
        0,
        0,
        0,
        0
      ]
    },
    {
      "command": "Bun with Node API",
      "mean": 4.366408976080001,
      "stddev": 0.6420888450569241,
      "median": 4.40846371438,
      "user": 2.8954547000000006,
      "system": 2.5475580399999997,
      "min": 3.4314772223800003,
      "max": 5.60498287638,
      "times": [
        4.38965393738,
        4.768903480380001,
        3.67416601738,
        4.42727349138,
        5.60498287638,
        4.58261984338,
        4.14487282038,
        3.4314772223800003,
        4.84769353538,
        3.7924465363800004
      ],
      "exit_codes": [
        0,
        0,
        0,
        0,
        0,
        0,
        0,
        0,
        0,
        0
      ]
    },
    {
      "command": "Node with Node API",
      "mean": 15.83614899508,
      "stddev": 1.5309426911006454,
      "median": 15.10599716038,
      "user": 15.0386169,
      "system": 7.350317539999999,
      "min": 14.48353561938,
      "max": 18.88733954538,
      "times": [
        18.88733954538,
        14.93739447338,
        15.86224273138,
        15.09312699038,
        15.00379291638,
        14.48353561938,
        15.11886733038,
        15.66970852238,
        14.91700418738,
        18.38847763438
      ],
      "exit_codes": [
        0,
        0,
        0,
        0,
        0,
        0,
        0,
        0,
        0,
        0
      ]
    }
  ]
}
