{
  "results": [
    {
      "command": "bun /root/bun-vs-node/tests/basic/fibonacci.js",
      "mean": 1.1953889408,
      "stddev": 0.0028468170386285684,
      "median": 1.1940854034,
      "user": 1.18816194,
      "system": 0.01258156,
      "min": 1.1926033359,
      "max": 1.2003750809,
      "times": [
        1.1942349749,
        1.1932575049,
        1.2003750809,
        1.1940403319,
        1.1995998588999999,
        1.1981703579,
        1.1926033359,
        1.1934871819,
        1.1941304749,
        1.1939903058999999
      ],
      "exit_codes": [
        0,
        0,
        0,
        0,
        0,
        0,
        0,
        0,
        0,
        0
      ]
    },
    {
      "command": "node /root/bun-vs-node/tests/basic/fibonacci.js",
      "mean": 1.9424810707,
      "stddev": 0.008763059531710814,
      "median": 1.9396123279,
      "user": 1.93061844,
      "system": 0.01188206,
      "min": 1.9374470999,
      "max": 1.9665093579000001,
      "times": [
        1.9374470999,
        1.9400109579,
        1.9392136979,
        1.9402552329,
        1.9382310339,
        1.9454134869000002,
        1.9381975589,
        1.9379036309,
        1.9665093579000001,
        1.9416286499
      ],
      "exit_codes": [
        0,
        0,
        0,
        0,
        0,
        0,
        0,
        0,
        0,
        0
      ]
    }
  ]
}
