{
  "results": [
    {
      "command": "bun /root/bun-vs-node/tests/basic/fibonacci.js",
      "mean": 1.43045141098,
      "stddev": 0.09349050657185583,
      "median": 1.4117691961799999,
      "user": 1.41879966,
      "system": 0.013440559999999999,
      "min": 1.33427217468,
      "max": 1.59868782568,
      "times": [
        1.44236729068,
        1.35636174568,
        1.59868782568,
        1.34473055768,
        1.33427217468,
        1.3506327036799999,
        1.4062070896799999,
        1.4173313026799998,
        1.49252641268,
        1.56139700668
      ],
      "exit_codes": [
        0,
        0,
        0,
        0,
        0,
        0,
        0,
        0,
        0,
        0
      ]
    },
    {
      "command": "node /root/bun-vs-node/tests/basic/fibonacci.js",
      "mean": 2.48882890308,
      "stddev": 0.16661222286452002,
      "median": 2.47154750418,
      "user": 2.42023176,
      "system": 0.03492166000000001,
      "min": 2.23820515268,
      "max": 2.74244027968,
      "times": [
        2.39806003768,
        2.63952876468,
        2.23820515268,
        2.64813806168,
        2.35533569368,
        2.39416077968,
        2.74244027968,
        2.5450349706799997,
        2.59630407368,
        2.33108121668
      ],
      "exit_codes": [
        0,
        0,
        0,
        0,
        0,
        0,
        0,
        0,
        0,
        0
      ]
    }
  ]
}
