{
  "results": [
    {
      "command": "bun /root/bun-vs-node/tests/basic/while_loop.js",
      "mean": 0.020160708043768124,
      "stddev": 0.0005110253380680783,
      "median": 0.020064420080000003,
      "user": 0.01198627884057971,
      "system": 0.011297543478260872,
      "min": 0.019217446580000002,
      "max": 0.02262848958,
      "times": [
        0.02086139458,
        0.01988979558,
        0.01942910258,
        0.02118972258,
        0.01960612758,
        0.021750142580000003,
        0.020138487580000003,
        0.02039231558,
        0.01950764258,
        0.020183858580000002,
        0.02021989658,
        0.01994584958,
        0.019958290580000003,
        0.02015419458,
        0.02012892058,
        0.019990076580000002,
        0.02154310958,
        0.022497704580000003,
        0.02262848958,
        0.02142949358,
        0.02019924658,
        0.019919519580000003,
        0.02024933858,
        0.020034072580000003,
        0.01959571458,
        0.020135291580000002,
        0.01996246758,
        0.02030215258,
        0.020303657580000002,
        0.020030717580000003,
        0.01999075058,
        0.01924309658,
        0.020097800580000002,
        0.01977682758,
        0.019843469580000002,
        0.01974255558,
        0.019914108580000003,
        0.019945430580000003,
        0.020221238580000002,
        0.019946269580000002,
        0.01995447058,
        0.019217446580000002,
        0.020490886580000003,
        0.02066650158,
        0.020220690580000002,
        0.02098233658,
        0.019998848580000003,
        0.020184179580000003,
        0.019932637580000002,
        0.02016032458,
        0.020500082580000002,
        0.019864983580000002,
        0.020503608580000002,
        0.02010402558,
        0.02041841858,
        0.01997068858,
        0.01972175458,
        0.02002946758,
        0.01977136858,
        0.019829211580000002,
        0.020165599580000002,
        0.022133786580000002,
        0.020743873580000002,
        0.020416746580000002,
        0.020536341580000003,
        0.01995234758,
        0.019789569580000003,
        0.019836593580000002,
        0.02018197758,
        0.02047366858,
        0.02010098558,
        0.02067247858,
        0.020331280580000003,
        0.02059504858,
        0.02031959658,
        0.01996201058,
        0.020112103580000002,
        0.01969322058,
        0.019875233580000002,
        0.01978713558,
        0.019811236580000002,
        0.01996171758,
        0.01978553258,
        0.01997273558,
        0.01984335258,
        0.01997105558,
        0.02022632158,
        0.02023261958,
        0.020267251580000003,
        0.01968069658,
        0.02004572558,
        0.01976559358,
        0.01996534958,
        0.01986195258,
        0.020154412580000003,
        0.01967200058,
        0.01978905158,
        0.02002614258,
        0.020564401580000002,
        0.02024283458,
        0.019978374580000003,
        0.02022005958,
        0.01990518158,
        0.020231178580000002,
        0.02020155058,
        0.02016682358,
        0.020110732580000002,
        0.02007372258,
        0.020083602580000002,
        0.02005358858,
        0.02063812258,
        0.019992230580000003,
        0.02027507858,
        0.02068217558,
        0.02025258458,
        0.02041325458,
        0.02035395358,
        0.01999420358,
        0.020073668580000002,
        0.01984164458,
        0.01946203158,
        0.020055171580000003,
        0.02005332258,
        0.02034113958,
        0.01983406558,
        0.01980992158,
        0.02044462458,
        0.019517277580000002,
        0.01980149058,
        0.01972981558,
        0.020349699580000002,
        0.01979399658,
        0.020202985580000003,
        0.01993517058,
        0.02025440158,
        0.019937771580000003,
        0.020128101580000002,
        0.02004513258
      ],
      "exit_codes": [
        0,
        0,
        0,
        0,
        0,
        0,
        0,
        0,
        0,
        0,
        0,
        0,
        0,
        0,
        0,
        0,
        0,
        0,
        0,
        0,
        0,
        0,
        0,
        0,
        0,
        0,
        0,
        0,
        0,
        0,
        0,
        0,
        0,
        0,
        0,
        0,
        0,
        0,
        0,
        0,
        0,
        0,
        0,
        0,
        0,
        0,
        0,
        0,
        0,
        0,
        0,
        0,
        0,
        0,
        0,
        0,
        0,
        0,
        0,
        0,
        0,
        0,
        0,
        0,
        0,
        0,
        0,
        0,
        0,
        0,
        0,
        0,
        0,
        0,
        0,
        0,
        0,
        0,
        0,
        0,
        0,
        0,
        0,
        0,
        0,
        0,
        0,
        0,
        0,
        0,
        0,
        0,
        0,
        0,
        0,
        0,
        0,
        0,
        0,
        0,
        0,
        0,
        0,
        0,
        0,
        0,
        0,
        0,
        0,
        0,
        0,
        0,
        0,
        0,
        0,
        0,
        0,
        0,
        0,
        0,
        0,
        0,
        0,
        0,
        0,
        0,
        0,
        0,
        0,
        0,
        0,
        0,
        0,
        0,
        0,
        0,
        0,
        0
      ]
    },
    {
      "command": "node /root/bun-vs-node/tests/basic/while_loop.js",
      "mean": 0.03682489452936708,
      "stddev": 0.0006824385721244092,
      "median": 0.03672316958,
      "user": 0.027966194177215183,
      "system": 0.010954208860759495,
      "min": 0.035353731580000006,
      "max": 0.040015760580000004,
      "times": [
        0.036972250580000005,
        0.03715930558,
        0.03554309858,
        0.036211662580000005,
        0.037590371580000004,
        0.03612338158,
        0.03802388358,
        0.03674582458,
        0.03610941358,
        0.03800498758,
        0.03786277458,
        0.037119145580000006,
        0.037320843580000006,
        0.035353731580000006,
        0.03672316958,
        0.03657590958,
        0.03632008258,
        0.037125196580000006,
        0.03635846258,
        0.035759146580000005,
        0.036946649580000004,
        0.03806108458,
        0.03618882558,
        0.03607986458,
        0.036852260580000004,
        0.03704486958,
        0.036467687580000005,
        0.036705374580000005,
        0.03719913158,
        0.040015760580000004,
        0.03727250058,
        0.03656481058,
        0.03645218958,
        0.036684018580000005,
        0.037877004580000005,
        0.03691803458,
        0.03748173658,
        0.03661588058,
        0.03629610658,
        0.03660773658,
        0.036008514580000005,
        0.036954480580000004,
        0.03671131758,
        0.036615034580000004,
        0.036745028580000005,
        0.037129600580000005,
        0.036580545580000005,
        0.03695816058,
        0.036331890580000005,
        0.03613835958,
        0.03641031158,
        0.037154149580000004,
        0.03696118058,
        0.03648691658,
        0.03681440158,
        0.03646524258,
        0.036580113580000004,
        0.03715961158,
        0.03668672658,
        0.036776550580000004,
        0.036518034580000004,
        0.036151655580000004,
        0.03684912858,
        0.03705664958,
        0.037499524580000006,
        0.038277025580000006,
        0.03683945458,
        0.036588231580000005,
        0.03703789458,
        0.03720890658,
        0.037273929580000004,
        0.03594988058,
        0.036722383580000004,
        0.036640922580000006,
        0.03655418458,
        0.036198861580000005,
        0.03793409358,
        0.036081864580000005,
        0.03678173358
      ],