{
  "results": [
    {
      "command": "bun /root/bun-vs-node/tests/basic/while_loop.js",
      "mean": 0.021357795485899285,
      "stddev": 0.0018485920889187589,
      "median": 0.02102823986,
      "user": 0.01306469928057554,
      "system": 0.011492168201438852,
      "min": 0.01917319286,
      "max": 0.03472241386,
      "times": [
        0.02055077886,
        0.02245025586,
        0.02123867486,
        0.02142233286,
        0.02189210486,
        0.02086221686,
        0.02163943386,
        0.02189933686,
        0.02242530686,
        0.02195395586,
        0.02188463586,
        0.02381966386,
        0.02472133186,
        0.02231726786,
        0.02230141286,
        0.02343925286,
        0.02175912986,
        0.02184165086,
        0.02245321686,
        0.022187900860000002,
        0.02272289486,
        0.02142037486,
        0.02079205686,
        0.02145141086,
        0.02134725786,
        0.02121423386,
        0.02131877986,
        0.02215639686,
        0.02209701086,
        0.02231019386,
        0.02158242286,
        0.02159619386,
        0.02215075586,
        0.02090980386,
        0.02177533086,
        0.02229388586,
        0.02188894286,
        0.02231959486,
        0.02124087486,
        0.02062221286,
        0.02099654786,
        0.021882795860000002,
        0.02132960786,
        0.02175366886,
        0.02085427386,
        0.02124787786,
        0.02072318286,
        0.02037298686,
        0.02045206086,
        0.02070177486,
        0.02092900186,
        0.02035885086,
        0.02032943786,
        0.02007365686,
        0.01982324286,
        0.02036284486,
        0.02037067886,
        0.02013638086,
        0.02087670586,
        0.02112912886,
        0.02109688986,
        0.02079837486,
        0.020621693860000002,
        0.02066323786,
        0.02082277586,
        0.02255686686,
        0.02083817386,
        0.02070860386,
        0.02103715686,
        0.02093100486,
        0.02095014286,
        0.02125268086,
        0.02149433086,
        0.02115868786,
        0.02053293186,
        0.02048823986,
        0.02028454986,
        0.02060136886,
        0.02117522386,
        0.02110933686,
        0.02059571786,
        0.02092655686,
        0.02199211786,
        0.02097314686,
        0.02037428286,
        0.02140507886,
        0.02166857486,
        0.02158752986,
        0.02078271186,
        0.03472241386,
        0.02902431586,
        0.03218550086000001,
        0.02204532686,
        0.01982916886,
        0.02016020186,
        0.01917319286,
        0.01993367686,
        0.01957882086,
        0.02145746586,
        0.02022078186,
        0.02008620486,
        0.02043551786,
        0.01987877686,
        0.01971216186,
        0.02185497786,
        0.021432698860000002,
        0.02138020686,
        0.02102823986,
        0.02021843586,
        0.02079845986,
        0.01940589086,
        0.02008086486,
        0.02356388086,
        0.01968748486,
        0.02082659986,
        0.02018258186,
        0.02035357386,
        0.02020673986,
        0.02082761886,
        0.02069492786,
        0.02048123586,
        0.02117605986,
        0.02065384186,
        0.02070365586,
        0.02106822386,
        0.02109444786,
        0.02065802686,
        0.02293157286,
        0.02065622986,
        0.02036860986,
        0.02103012986,
        0.02114437786,
        0.02209626086,
        0.02149761086,
        0.02025012386,
        0.02054896486,
        0.02031045186,
        0.02036636286,
        0.02030748686
      ],
      "exit_codes": [
        0,
        0,
        0,
        0,
        0,
        0,
        0,
        0,
        0,
        0,
        0,
        0,
        0,
        0,
        0,
        0,
        0,
        0,
        0,
        0,
        0,
        0,
        0,
        0,
        0,
        0,
        0,
        0,
        0,
        0,
        0,
        0,
        0,
        0,
        0,
        0,
        0,
        0,
        0,
        0,
        0,
        0,
        0,
        0,
        0,
        0,
        0,
        0,
        0,
        0,
        0,
        0,
        0,
        0,
        0,
        0,
        0,
        0,
        0,
        0,
        0,
        0,
        0,
        0,
        0,
        0,
        0,
        0,
        0,
        0,
        0,
        0,
        0,
        0,
        0,
        0,
        0,
        0,
        0,
        0,
        0,
        0,
        0,
        0,
        0,
        0,
        0,
        0,
        0,
        0,
        0,
        0,
        0,
        0,
        0,
        0,
        0,
        0,
        0,
        0,
        0,
        0,
        0,
        0,
        0,
        0,
        0,
        0,
        0,
        0,
        0,
        0,
        0,
        0,
        0,
        0,
        0,
        0,
        0,
        0,
        0,
        0,
        0,
        0,
        0,
        0,
        0,
        0,
        0,
        0,
        0,
        0,
        0,
        0,
        0,
        0,
        0,
        0,
        0
      ]
    },
    {
      "command": "node /root/bun-vs-node/tests/basic/while_loop.js",
      "mean": 0.04472141627333334,
      "stddev": 0.007257430910700647,
      "median": 0.042793278860000006,
      "user": 0.033300973333333345,
      "system": 0.012567819999999999,
      "min": 0.03838550886000001,
      "max": 0.07496769386,
      "times": [
        0.038663988860000005,
        0.040304574860000004,
        0.046309090860000006,
        0.039409364860000004,
        0.041714008860000006,
        0.040789833860000006,
        0.03874344886,
        0.041239755860000005,
        0.04096872186,
        0.04109949786000001,
        0.040953633860000005,
        0.04102506286,
        0.04310113086,
        0.04209196886,
        0.04385275886000001,
        0.03987150886,
        0.04147970486000001,
        0.04281783686000001,
        0.04216268186,
        0.03879571786,
        0.04077374486,
        0.040373425860000006,
        0.04626852486000001,
        0.07090628286,
        0.07496769386,
        0.06799999186000001,
        0.06825702486,
        0.046348389860000005,
        0.04315425886,
        0.043199271860000006,
        0.041030342860000006,
        0.04293055686,
        0.04692478986,
        0.045969302860000005,
        0.044205644860000004,
        0.04785566686000001,
        0.04387866186000001,
        0.040430995860000006,
        0.03984671486000001,
        0.03838550886000001,
        0.042909789860000006,
        0.04029620786,
        0.039748032860000004,
        0.041660102860000006,
        0.042415917860000006,
        0.044619070860000005,
        0.04232704486,
        0.043092160860000006,
        0.045261078860000005,
        0.048094810860000003,
        0.04885233086000001,
        0.04316040786000001,
        0.042793278860000006,
        0.05482387686,
        0.044865723860000005,
        0.044260669860000004,
        0.04163860886,
        0.039909822860000006,
        0.04174764586,
        0.041161820860000004,
        0.04331283986000001,
        0.04562771386,
        0.042790103860000005,
        0.043974323860000004,
        0.04182196886,
        0.04009964986,
        0.04453125686000001,
        0.042890849860000003,
        0.041938712860000005,
        0.039884529860000004,
        0.042704623860000006,
        0.04581881086,
        0.04916578286000001,
        0.05979312086000001,
        0.057012440860000006
      ],