{
  "results": [
    {
      "command": "bun /root/bun-vs-node/tests/basic/stringify.js",
      "mean": 0.014777655485026181,
      "stddev": 0.0003559889500747784,
      "median": 0.01481153604,
      "user": 0.006124077486910992,
      "system": 0.00850684272251309,
      "min": 0.01382258804,
      "max": 0.01738454804,
      "times": [
        0.014949855040000001,
        0.014909785040000002,
        0.01483838504,
        0.01487165304,
        0.014961177040000002,
        0.014971928040000002,
        0.015001452040000002,
        0.014855156040000001,
        0.01488015904,
        0.01473375604,
        0.01460111304,
        0.014710285040000002,
        0.01435117904,
        0.01448579004,
        0.014897671040000001,
        0.014649981040000001,
        0.01445007004,
        0.014411875040000001,
        0.014598096040000001,
        0.014536839040000001,
        0.015218283040000002,
        0.01478511404,
        0.01463949504,
        0.01514843004,
        0.01522419204,
        0.015182030040000002,
        0.01473694704,
        0.01491074404,
        0.015067908040000001,
        0.01496096404,
        0.014825665040000002,
        0.014864186040000001,
        0.01462483304,
        0.01488064004,
        0.01484718104,
        0.01472463604,
        0.01452556804,
        0.014296989040000001,
        0.014277616040000001,
        0.01450875704,
        0.014762039040000001,
        0.015105783040000001,
        0.01473719004,
        0.01464161704,
        0.01438070804,
        0.014716304040000001,
        0.014668806040000001,
        0.01473894004,
        0.014739967040000001,
        0.01439189704,
        0.01433575404,
        0.01461110204,
        0.01493498104,
        0.01474855104,
        0.015031761040000001,
        0.01500427504,
        0.014689397040000001,
        0.01493259504,
        0.015187239040000002,
        0.01492761004,
        0.015049022040000002,
        0.015473579040000001,
        0.015014102040000001,
        0.014960217040000001,
        0.01482786604,
        0.014925737040000001,
        0.014864094040000001,
        0.01484639004,
        0.01488071304,
        0.01492331504,
        0.01484841804,
        0.015150544040000002,
        0.015008045040000001,
        0.01502673404,
        0.015142794040000001,
        0.01502834704,
        0.015035140040000002,
        0.015202721040000002,
        0.015288458040000001,
        0.014994631040000001,
        0.015051963040000001,
        0.01489615904,
        0.014900774040000002,
        0.015195234040000002,
        0.01514433904,
        0.01508815304,
        0.01499295204,
        0.01485793504,
        0.014992705040000002,
        0.01490168104,
        0.014761093040000001,
        0.014870211040000001,
        0.014851520040000002,
        0.014843984040000001,
        0.01481153604,
        0.014817057040000001,
        0.01495439804,
        0.015125740040000002,
        0.015047360039999999,
        0.014546702040000001,
        0.014792421040000002,
        0.015076397040000002,
        0.01497411904,
        0.015305634040000002,
        0.01490034104,
        0.01467561004,
        0.014874366040000002,
        0.014722444040000001,
        0.014809448040000001,
        0.014868750040000002,
        0.01526608904,
        0.01536189604,
        0.01529238104,
        0.014976311040000002,
        0.01496032504,
        0.015181774040000002,
        0.014849738040000001,
        0.015067873040000002,
        0.01526757204,
        0.014960333039999999,
        0.01485487004,
        0.01738454804,
        0.01487483604,
        0.01489865004,
        0.01485227104,
        0.014670074040000002,
        0.014946815040000002,
        0.01468497004,
        0.01453449404,
        0.014640120040000001,
        0.01478680704,
        0.01436399304,
        0.01418058604,
        0.014386692040000001,
        0.014431695040000001,
        0.01440503804,
        0.014303498040000001,
        0.01421587004,
        0.01456667604,
        0.01425590304,
        0.01416034404,
        0.01440657904,
        0.014735527040000002,
        0.01486084204,
        0.014674965040000001,
        0.014537494040000001,
        0.01446032304,
        0.014742713040000001,
        0.014775963040000001,
        0.014801436040000001,
        0.01482726604,
        0.014923283040000002,
        0.014861460040000002,
        0.014802902040000001,
        0.01453833904,
        0.01578159304,
        0.014651843040000001,
        0.01445850104,
        0.01449156704,
        0.014809645040000001,
        0.014921590040000002,
        0.014451166040000001,
        0.01420529704,
        0.01436901504,
        0.014475086040000001,
        0.01408811404,
        0.01382258804,
        0.014235355040000001,
        0.014334854040000001,
        0.014256577040000001,
        0.014646487040000001,
        0.014334801040000001,
        0.014067738040000001,
        0.014465061040000001,
        0.015079533040000002,
        0.01475730804,
        0.014416548040000001,
        0.01421726404,
        0.01488509604,
        0.014401816040000001,
        0.014540101040000001,
        0.01434858904,
        0.01443376604,
        0.01463838204,
        0.01480815304,
        0.01475696804,
        0.014308016040000001,
        0.01473047104,
        0.01469852204,
        0.014574185040000001,
        0.014193668040000001
      ],
      "exit_codes": [
        0,
        0,
        0,
        0,
        0,
        0,
        0,
        0,
        0,
        0,
        0,
        0,
        0,
        0,
        0,
        0,
        0,
        0,
        0,
        0,
        0,
        0,
        0,
        0,
        0,
        0,
        0,
        0,
        0,
        0,
        0,
        0,
        0,
        0,
        0,
        0,
        0,
        0,
        0,
        0,
        0,
        0,
        0,
        0,
        0,
        0,
        0,
        0,
        0,
        0,
        0,
        0,
        0,
        0,
        0,
        0,
        0,
        0,
        0,
        0,
        0,
        0,
        0,
        0,
        0,
        0,
        0,
        0,
        0,
        0,
        0,
        0,
        0,
        0,
        0,
        0,
        0,
        0,
        0,
        0,
        0,
        0,
        0,
        0,
        0,
        0,
        0,
        0,
        0,
        0,
        0,
        0,
        0,
        0,
        0,
        0,
        0,
        0,
        0,
        0,
        0,
        0,
        0,
        0,
        0,
        0,
        0,
        0,
        0,
        0,
        0,
        0,
        0,
        0,
        0,
        0,
        0,
        0,
        0,
        0,
        0,
        0,
        0,
        0,
        0,
        0,
        0,
        0,
        0,
        0,
        0,
        0,
        0,
        0,
        0,
        0,
        0,
        0,
        0,
        0,
        0,
        0,
        0,
        0,
        0,
        0,
        0,
        0,
        0,
        0,
        0,
        0,
        0,
        0,
        0,
        0,
        0,
        0,
        0,
        0,
        0,
        0,
        0,
        0,
        0,
        0,
        0,
        0,
        0,
        0,
        0,
        0,
        0,
        0,
        0,
        0,
        0,
        0,
        0,
        0,
        0,
        0,
        0,
        0,
        0,
        0,
        0,
        0,
        0,
        0,
        0
      ]
    },
    {
      "command": "node /root/bun-vs-node/tests/basic/stringify.js",
      "mean": 0.03196136884,
      "stddev": 0.0005482320483156419,
      "median": 0.03190266504,
      "user": 0.021895333333333336,
      "system": 0.009646171111111107,
      "min": 0.030762692040000005,
      "max": 0.033806925040000005,