{
  "results": [
    {
      "command": "bun /root/bun-vs-node/tests/basic/stringify.js",
      "mean": 0.015160906934130438,
      "stddev": 0.0011465551967243647,
      "median": 0.014990797320000002,
      "user": 0.00658703717391304,
      "system": 0.008436771521739128,
      "min": 0.013779626320000002,
      "max": 0.02268351132,
      "times": [
        0.01549777332,
        0.015226972320000002,
        0.015516895320000003,
        0.015023862320000003,
        0.01458756832,
        0.014295426320000002,
        0.01605466132,
        0.014796825320000002,
        0.014546404320000001,
        0.01547762332,
        0.015061835320000003,
        0.015054038320000003,
        0.01465900332,
        0.013816604320000002,
        0.013902457320000002,
        0.014442505320000002,
        0.015241461320000002,
        0.014990984320000003,
        0.01545332732,
        0.014529536320000001,
        0.014519463320000002,
        0.014605254320000002,
        0.014492572320000001,
        0.01514229632,
        0.014779608320000002,
        0.014244940320000002,
        0.014987675320000003,
        0.014771047320000001,
        0.014168135320000002,
        0.013954102320000002,
        0.015325388320000003,
        0.014779037320000002,
        0.014865808320000002,
        0.01498774032,
        0.014862795320000002,
        0.014658404320000002,
        0.01441562732,
        0.015342226320000001,
        0.014554497320000002,
        0.014702246320000001,
        0.014776217320000002,
        0.01495287032,
        0.015197943320000002,
        0.01463552132,
        0.015013667320000002,
        0.014853162320000002,
        0.015279603320000003,
        0.01536452032,
        0.01603438432,
        0.015375345320000003,
        0.015456658320000002,
        0.01477118632,
        0.014863808320000001,
        0.014810807320000001,
        0.014501943320000002,
        0.01490911632,
        0.01473700332,
        0.014714096320000002,
        0.014628334320000002,
        0.01496718032,
        0.01576734832,
        0.01553634632,
        0.015264813320000003,
        0.014991625320000002,
        0.01485621932,
        0.014303976320000002,
        0.014105089320000002,
        0.014539363320000002,
        0.014404215320000002,
        0.014791790320000001,
        0.014482407320000001,
        0.01577564332,
        0.015575339320000001,
        0.01516748732,
        0.014883683320000002,
        0.014990610320000002,
        0.014992447320000003,
        0.014731739320000001,
        0.015290512320000003,
        0.015394861320000003,
        0.01655643732,
        0.01636734432,
        0.01617046632,
        0.01543203632,
        0.01580993632,
        0.014807376320000001,
        0.014297361320000002,
        0.014970876320000001,
        0.015492284320000002,
        0.01627761132,
        0.01523359332,
        0.014568694320000002,
        0.013994080320000001,
        0.01980020632,
        0.02233433432,
        0.02230048732,
        0.02268351132,
        0.01629685832,
        0.014632745320000001,
        0.01462344932,
        0.015049483320000003,
        0.015094380320000001,
        0.015046809320000002,
        0.014807732320000001,
        0.015962338319999998,
        0.01607420432,
        0.01625869432,
        0.015365051320000002,
        0.015306340320000002,
        0.01616213232,
        0.01587354032,
        0.015991222319999998,
        0.015479036320000002,
        0.015079925320000001,
        0.01496298232,
        0.015022605320000002,
        0.01536821032,
        0.014829037320000002,
        0.014649197320000001,
        0.014809218320000001,
        0.01581778032,
        0.014878766320000002,
        0.01621699832,
        0.01613320532,
        0.015246456320000002,
        0.014712564320000001,
        0.01461067832,
        0.014670640320000001,
        0.014976180320000003,
        0.014454713320000001,
        0.014120258320000002,
        0.014159386320000002,
        0.015381438320000001,
        0.014711288320000002,
        0.013779626320000002,
        0.014215215320000002,
        0.014075428320000001,
        0.015055112320000003,
        0.014519908320000002,
        0.014589257320000002,
        0.015000479320000001,
        0.01507806132,
        0.01517574832,
        0.015201978320000002,
        0.01514646832,
        0.014586028320000001,
        0.014648701320000002,
        0.015262099320000002,
        0.01596900832,
        0.015287100320000002,
        0.015315424320000002,
        0.015256081320000002,
        0.01621751432,
        0.014567819320000001,
        0.01577195832,
        0.01553803332,
        0.01519549532,
        0.014852882320000002,
        0.01507807532,
        0.01647385632,
        0.014782355320000001,
        0.014551089320000002,
        0.015236930320000003,
        0.015167117320000001,
        0.01513378032,
        0.01454220632,
        0.014669532320000001,
        0.01427667332,
        0.014256001320000001,
        0.014890580320000001,
        0.015087353320000002,
        0.01442475632,
        0.015006098320000003,
        0.014659294320000002,
        0.014413670320000002,
        0.014342637320000002,
        0.014669504320000002,
        0.015152699320000003,
        0.014835038320000002,
        0.01525513432,
        0.015043317320000001,
        0.01529613332,
        0.015010165320000003,
        0.01509174032
      ],
      "exit_codes": [
        0,
        0,
        0,
        0,
        0,
        0,
        0,
        0,
        0,
        0,
        0,
        0,
        0,
        0,
        0,
        0,
        0,
        0,
        0,
        0,
        0,
        0,
        0,
        0,
        0,
        0,
        0,
        0,
        0,
        0,
        0,
        0,
        0,
        0,
        0,
        0,
        0,
        0,
        0,
        0,
        0,
        0,
        0,
        0,
        0,
        0,
        0,
        0,
        0,
        0,
        0,
        0,
        0,
        0,
        0,
        0,
        0,
        0,
        0,
        0,
        0,
        0,
        0,
        0,
        0,
        0,
        0,
        0,
        0,
        0,
        0,
        0,
        0,
        0,
        0,
        0,
        0,
        0,
        0,
        0,
        0,
        0,
        0,
        0,
        0,
        0,
        0,
        0,
        0,
        0,
        0,
        0,
        0,
        0,
        0,
        0,
        0,
        0,
        0,
        0,
        0,
        0,
        0,
        0,
        0,
        0,
        0,
        0,
        0,
        0,
        0,
        0,
        0,
        0,
        0,
        0,
        0,
        0,
        0,
        0,
        0,
        0,
        0,
        0,
        0,
        0,
        0,
        0,
        0,
        0,
        0,
        0,
        0,
        0,
        0,
        0,
        0,
        0,
        0,
        0,
        0,
        0,
        0,
        0,
        0,
        0,
        0,
        0,
        0,
        0,
        0,
        0,
        0,
        0,
        0,
        0,
        0,
        0,
        0,
        0,
        0,
        0,
        0,
        0,
        0,
        0,
        0,
        0,
        0,
        0,
        0,
        0,
        0,
        0,
        0,
        0,
        0,
        0,
        0,
        0,
        0,
        0,
        0,
        0
      ]
    },
    {
      "command": "node /root/bun-vs-node/tests/basic/stringify.js",
      "mean": 0.03849355593904761,
      "stddev": 0.007535788117239148,
      "median": 0.03592389082,
      "user": 0.026231224285714286,
      "system": 0.010980023333333333,
      "min": 0.03247545632,
      "max": 0.07809712732,