{
  "results": [
    {
      "command": "cd /root/bun-vs-node/tests/package_install/svelte && bun install",
      "mean": 1.2289557204100003,
      "stddev": 0.14250683196180167,
      "median": 1.1788295675600002,
      "user": 1.1284003400000002,
      "system": 0.30696702,
      "min": 1.12605707456,
      "max": 1.6545617755600002,
      "times": [
        1.12605707456,
        1.1888174735600001,
        1.15694189156,
        1.1397057165600002,
        1.15771246956,
        1.16437446456,
        1.15752332156,
        1.18429497056,
        1.1838989475600001,
        1.1418087885600001,
        1.1737601875600001,
        1.2109536145600002,
        1.3413110645600002,
        1.19572619356,
        1.5235081535600001,
        1.1864815085600002,
        1.4088999405600002,
        1.6545617755600002,
        1.13851352256,
        1.1442633285600001
      ],
      "exit_codes": [
        0,
        0,
        0,
        0,
        0,
        0,
        0,
        0,
        0,
        0,
        0,
        0,
        0,
        0,
        0,
        0,
        0,
        0,
        0,
        0
      ]
    },
    {
      "command": "cd /root/bun-vs-node/tests/package_install/svelte && npm install",
      "mean": 4.5214619659599995,
      "stddev": 0.10148117286983419,
      "median": 4.49523423556,
      "user": 4.974020139999999,
      "system": 1.2663121199999998,
      "min": 4.40472293756,
      "max": 4.87843458856,
      "times": [
        4.46055755056,
        4.62778804956,
        4.510003671560001,
        4.49237081556,
        4.58710012656,
        4.44917291856,
        4.40472293756,
        4.5076888875600005,
        4.47989844756,
        4.52652579156,
        4.54246385356,
        4.44397462456,
        4.522159919560001,
        4.47515175956,
        4.61111102256,
        4.49244855356,
        4.487446165560001,
        4.498019917560001,
        4.87843458856,
        4.4321997175600005
      ],
      "exit_codes": [
        0,
        0,
        0,
        0,
        0,
        0,
        0,
        0,
        0,
        0,
        0,
        0,
        0,
        0,
        0,
        0,
        0,
        0,
        0,
        0
      ]
    }
  ]
}
