{
  "results": [
    {
      "command": "cd /root/bun-vs-node/tests/package_install/svelte && bun install",
      "mean": 1.1612110358799999,
      "stddev": 0.03352205132156207,
      "median": 1.15273692338,
      "user": 1.1153450900000001,
      "system": 0.3084686,
      "min": 1.12343270038,
      "max": 1.24698908138,
      "times": [
        1.14540807138,
        1.1484550143799999,
        1.13183415238,
        1.12395321438,
        1.1922474343799998,
        1.14308094338,
        1.12343270038,
        1.13481502238,
        1.1251468253799999,
        1.1570967503799998,
        1.1873419773799998,
        1.1513976423799999,
        1.15407620438,
        1.1456638853799999,
        1.24698908138,
        1.17976276838,
        1.17093338138,
        1.23186469038,
        1.1599253083799999,
        1.1707956493799998
      ],
      "exit_codes": [
        0,
        0,
        0,
        0,
        0,
        0,
        0,
        0,
        0,
        0,
        0,
        0,
        0,
        0,
        0,
        0,
        0,
        0,
        0,
        0
      ]
    },
    {
      "command": "cd /root/bun-vs-node/tests/package_install/svelte && npm install",
      "mean": 14.842658894029999,
      "stddev": 16.21864152508679,
      "median": 10.80450933538,
      "user": 11.82321659,
      "system": 2.4585073999999993,
      "min": 10.27716283438,
      "max": 83.55664963438,
      "times": [
        10.60146408638,
        10.54472079838,
        13.26662954838,
        13.26915004438,
        10.54991131938,
        10.46203401038,
        10.605122056379999,
        10.397774586379999,
        10.27716283438,
        10.57448899538,
        10.94884965438,
        10.58371105038,
        83.55664963438,
        10.74257356738,
        10.86644510338,
        11.40463206438,
        14.97685576438,
        11.29308114638,
        10.94126249338,
        10.99065912238
      ],
      "exit_codes": [
        0,
        0,
        0,
        0,
        0,
        0,
        0,
        0,
        0,
        0,
        0,
        0,
        0,
        0,
        0,
        0,
        0,
        0,
        0,
        0
      ]
    }
  ]
}
