{
  "results": [
    {
      "command": "cd /root/bun-vs-node/tests/package_install/bloated-project && bun add moment",
      "mean": 0.05650118380818184,
      "stddev": 0.02949131895990268,
      "median": 0.04926328674000001,
      "user": 0.025439970000000003,
      "system": 0.03452447454545455,
      "min": 0.047454313740000004,
      "max": 0.24316652574000003,
      "times": [
        0.05864721574000001,
        0.05340021174000001,
        0.06495665374000001,
        0.06389453374000001,
        0.07156549574000001,
        0.06621577874000001,
        0.05411645074000001,
        0.06974721374000001,
        0.06173925974,
        0.24316652574000003,
        0.06012670374000001,
        0.04922933874,
        0.048897217740000005,
        0.04823724974000001,
        0.048854426740000005,
        0.049321588740000005,
        0.048608948740000005,
        0.04981349874,
        0.051993447740000004,
        0.04888051074000001,
        0.04923114974000001,
        0.05006991974,
        0.04846811174000001,
        0.04855291074,
        0.04801352674000001,
        0.04875518174000001,
        0.04852598374000001,
        0.04929329374000001,
        0.04961487274,
        0.04957333774000001,
        0.04760068574000001,
        0.048450887740000004,
        0.04759870674,
        0.047454313740000004,
        0.04781208974000001,
        0.049633601740000005,
        0.04991174074000001,
        0.052381537740000005,
        0.04910783574000001,
        0.04831400074000001,
        0.049233279740000004,
        0.048390690740000006,
        0.04879020974000001,
        0.04986194774000001
      ],
      "exit_codes": [
        0,
        0,
        0,
        0,
        0,
        0,
        0,
        0,
        0,
        0,
        0,
        0,
        0,
        0,
        0,
        0,
        0,
        0,
        0,
        0,
        0,
        0,
        0,
        0,
        0,
        0,
        0,
        0,
        0,
        0,
        0,
        0,
        0,
        0,
        0,
        0,
        0,
        0,
        0,
        0,
        0,
        0,
        0,
        0
      ]
    },
    {
      "command": "cd /root/bun-vs-node/tests/package_install/bloated-project && npm install moment",
      "mean": 2.42738317209,
      "stddev": 0.1217496741118292,
      "median": 2.39101111074,
      "user": 3.054868269999999,
      "system": 0.3181825200000001,
      "min": 2.3411059067399997,
      "max": 2.9121483757399997,
      "times": [
        2.38630729474,
        2.36282340474,
        2.3411059067399997,
        2.43115950874,
        2.39180060174,
        2.47420582974,
        2.41725955874,
        2.38532408874,
        2.50834346674,
        2.9121483757399997,
        2.45907775374,
        2.3605567607399998,
        2.3902216197399997,
        2.38259010874,
        2.37268013874,
        2.39825796474,
        2.4331072737399997,
        2.41701179974,
        2.36422370274,
        2.35945828274
      ],
      "exit_codes": [
        0,
        0,
        0,
        0,
        0,
        0,
        0,
        0,
        0,
        0,
        0,
        0,
        0,
        0,
        0,
        0,
        0,
        0,
        0,
        0
      ]
    }
  ]
}
